Table A1;;;;;;;;;;;;Back to Contents;;;;
Detailed expenditure with full-method standard errors;;;;;;;;;;;;;;;;
UK, financial year ending 2023;;;;;;;;;;;;;;;;
;;;;;;;;;;;;;;;;
;;;;;;;;;;;;;;;;
;;;;;;Average weekly;Total;Recording;Percentage;;;;;;;
;;;;;;expenditure;weekly;house-;standard ;;;;;;;
;;;;;;all house-;expenditure;holds;error (full;;;;;;;
;;;;;;holds (£);(£ million);in sample;method);;;;;;;
;;;;;;;;;;;;;;;;
;;;;;;;;;;;;;;;;
Total number of households;;;;;;;;4.460;;;;;;;;
;;;;;;;;;;;;;;;;
;;;;;;;;;;;;;;;;
Commodity or service;;;;; ;;;;;;;;;;;
;;;;;;;;;;;;;;;;
1;Food & non-alcoholic drinks;;;;;63,50;1.860;4.430;0,9;;;;;;;
;;;;;;;;;;;;;;;;
1,1;Food ;;;;;58,00;1.700;4.430;0,9;;;;;;;
;1.1.1;Bread, rice and cereals;;;;5,60;165;4.290;1,1;;;;;;;
;;1.1.1.1;Rice;;;0,50;13;1.280;3,8;;;;;;;
;;1.1.1.2;Bread;;;2,70;78;4.060;1,2;;;;;;;
;;1.1.1.3;Other breads and cereals;;;2,50;73;3.580;1,6;;;;;;;
;;;;;;;;;;;;;;;;
;1.1.2;Pasta products;;;;0,60;16;1.820;2,2;;;;;;;
;;;;;;;;;;;;;;;;
;1.1.3;Buns, cakes, biscuits etc.;;;;4,20;124;3.990;1,6;;;;;;;
;;1.1.3.1;Buns, crispbread and biscuits;;;2,60;75;3.700;1,4;;;;;;;
;;1.1.3.2;Cakes and puddings;;;1,70;49;2.780;3,1;;;;;;;
;;;;;;;;;;;;;;;;
;1.1.4;Pastry (savoury);;;;1,10;31;1.800;2,2;;;;;;;
;1.1.5;Beef (fresh, chilled or frozen);;;;1,70;49;1.730;3,1;;;;;;;
;1.1.6;Pork (fresh, chilled or frozen);;;;0,50;15;810;3,9;;;;;;;
;1.1.7;Lamb (fresh, chilled or frozen);;;;0,50;15;410;5,9;;;;;;;
;1.1.8;Poultry (fresh, chilled or frozen);;;;2,40;69;2.310;1,9;;;;;;;
;1.1.9;Bacon and ham;;;;0,70;22;1.700;2,4;;;;;;;
;;;;;;;;;;;;;;;;
;1.1.10;Other meats and meat preparations;;;;6,60;192;3.840;2,3;;;;;;;
;;1.1.10.1;Sausages;;;0,90;27;1.930;2,2;;;;;;;
;;1.1.10.2;Offal, pate etc.;;;0,10;3;430;5,9;;;;;;;
;;1.1.10.3;Other preserved or processed meat and meat preparations;;;5,50;161;3.700;2,6;;;;;;;
;;1.1.10.4;Other fresh, chilled or frozen edible meat;;;0.00~;1;30;65,9;;;;;;;
;;;;;;;;;;;;;;;;
;1.1.11;Fish and fish products;;;;2,80;83;2.780;2,3;;;;;;;
;;1.1.11.1;Fish (fresh, chilled or frozen);;;1,00;29;1.140;3,8;;;;;;;
;;1.1.11.2;Seafood, dried, smoked or salted fish;;;0,60;17;930;4,4;;;;;;;
;;1.1.11.3;Other preserved or processed fish and seafood;;;1,30;37;2.090;2,5;;;;;;;
;;;;;;;;;;;;;;;;
;1.1.12;Milk;;;;2,30;67;3.760;1,3;;;;;;;
;;1.1.12.1;Whole milk;;;0,50;14;1.060;2,9;;;;;;;
;;1.1.12.2;Low fat milk;;;1,60;46;3.150;1,6;;;;;;;
;;1.1.12.3;Preserved milk;;;0,20;6;230;6,2;;;;;;;
;;;;;;;;;;;;;;;;
;1.1.13;Cheese and curd;;;;2,40;71;3.240;1,5;;;;;;;
;1.1.14;Eggs;;;;0,90;26;2.470;1,6;;;;;;;
;;;;;;;;;;;;;;;;
;1.1.15;Other milk products;;;;2,50;74;3.470;1,5;;;;;;;
;;1.1.15.1;Other milk products;;;1,30;39;2.680;2,0;;;;;;;
;;1.1.15.2;Yoghurt;;;1,20;35;2.590;2,0;;;;;;;
;;;;;;;;;;;;;;;;
;1.1.16;Butter;;;;0,60;16;1.330;2,8;;;;;;;
;1.1.17;Margarine, other vegetable fats and peanut butter;;;;0,70;20;1.770;2,0;;;;;;;
;;;;;;;;;;;;;;;;
;1.1.18;Cooking oils and fats;;;;0,40;13;950;3,1;;;;;;;
;;1.1.18.1;Olive oil;;;0,20;6;370;4,3;;;;;;;
;;1.1.18.2;Edible oils and other edible animal fats;;;0,30;7;650;4,0;;;;;;;
;;;;;;;;;;;;;;;;
;1.1.19;Fresh fruit;;;;3,60;105;3.730;1,6;;;;;;;
;;1.1.19.1;Citrus fruits (fresh);;;0,60;16;2.070;2,5;;;;;;;
;;1.1.19.2;Bananas (fresh);;;0,40;12;2.630;2,0;;;;;;;
;;1.1.19.3;Apples (fresh);;;0,50;14;1.670;2,9;;;;;;;
;;1.1.19.4;Pears (fresh);;;0,10;4;630;4,7;;;;;;;
;;1.1.19.5;Stone fruits (fresh);; ;0,50;16;1.550;3,1;;;;;;;
;;1.1.19.6;Berries (fresh);; ;1,50;43;2.450;2,1;;;;;;;
;;;;;;;;;;;;;;;;
;1.1.20;Other fresh, chilled or frozen fruits;;;;0,50;14;1.320;2,9;;;;;;;
;1.1.21;Dried fruit and nuts;;;;0,90;26;1.640;2,9;;;;;;;
;1.1.22;Preserved fruit and fruit based products;;;;0,10;4;630;5,1;;;;;;;
;;;;;;;;;;;;;;;;
;1.1.23;Fresh vegetables;;;;4,30;126;3.990;1,6;;;;;;;
;;1.1.23.1;Leaf and stem vegetables (fresh or chilled);;;1,00;29;2.880;2,0;;;;;;;
;;1.1.23.2;Cabbages (fresh or chilled);;;0,40;12;1.910;2,6;;;;;;;
;;1.1.23.3;Vegetables grown for their fruit (fresh, chilled or frozen);;;1,50;45;3.260;1,8;;;;;;;
;;1.1.23.4;Root crops, non-starchy bulbs and mushrooms (fresh, chilled or frozen);;;1,40;41;3.470;2,2;;;;;;;
;;;;;;;;;;;;;;;;
;;;;;;;;;;;;;;;;
Note: The commodity and service categories are not comparable with those in publications before 2001-02.;;;;;;;;;;;;;;;;
The numbering is sequential, it does not use actual COICOP codes.;;;;;;;;;;;;;;;;
Please see background notes for symbols and conventions used in this report.;;;;;;;;;;;;;;;;
;;;;;;;;;;;;;;;;
;;;;;;;;;;;;;;;;
;;;;;;;;;;;;;;;;
;;;;;;;;;;;;;;;;
Table A1;;;;;;;;;;;;;;;;
Components of household expenditure (cont.) ;;;;;;;;;;;;;;;;
UK, financial year ending 2023;;;;;;;;;;;;;;;;
;;;;;;;;;;;;;;;;
;;;;;;;;;;;;;;;;
;;;;;;Average weekly;Total;Recording;Percentage;;;;;;;
;;;;;;expenditure;weekly;house-;standard ;;;;;;;
;;;;;;all house-;expenditure;holds;error (full;;;;;;;
;;;;;;holds (£);(£ million);in sample;method);;;;;;;
;;;;;;;;;;;;;;;;
;;;;;;;;;;;;;;;;
Commodity or service;;;;; ;;;;;;;;;;;
;;;;;;;;;;;;;;;;
1;Food & non-alcoholic drinks (continued);;;;;;;;;;;;;;;
;;;;;;;;;;;;;;;;
;1.1.24;Dried vegetables;;;;0,10;2;230;17,9;;;;;;;
;1.1.25;Other preserved or processed vegetables;;;;2,00;60;3.310;2,2;;;;;;;
;1.1.26;Potatoes;;;;0,60;17;2.510;1,9;;;;;;;
;1.1.27;Other tubers and products of tuber vegetables;;;;2,00;59;3.330;1,5;;;;;;;
;;;;;;;;;;;;;;;;
;1.1.28;Sugar and sugar products;;;;0,40;11;1.280;3,4;;;;;;;
;;1.1.28.1;Sugar;;;0,20;6;950;3,8;;;;;;;
;;1.1.28.2;Other sugar products;;;0,20;5;500;5,7;;;;;;;
;;;;;;;;;;;;;;;;
;1.1.29;Jams, marmalades;;;;0,30;8;1.110;4,9;;;;;;;
;1.1.30;Chocolate;;;;2,40;69;2.950;2,1;;;;;;;
;1.1.31;Confectionery products;;;;0,80;24;2.040;3,2;;;;;;;
;1.1.32;Edible ices and ice cream;;;;0,80;23;1.580;3,1;;;;;;;
;;;;;;;;;;;;;;;;
;1.1.33;Other food products;;;;2,80;83;3.570;2,0;;;;;;;
;;1.1.33.1;Sauces, condiments;;;1,40;40;2.910;1,8;;;;;;;
;;1.1.33.2;Baker's yeast, dessert preparations, soups;;;1,00;30;2.150;4,0;;;;;;;
;;1.1.33.3;Salt, spices, culinary herbs and other food products;;;0,50;13;1.250;5,3;;;;;;;
;;;;;;;;;;;;;;;;
1,2;Non-alcoholic drinks;;;;;5,50;160;3.960;1,6;;;;;;;
;1.2.1;Coffee;;;;1,00;29;1.440;4,0;;;;;;;
;1.2.2;Tea;;;;0,50;14;1.130;3,2;;;;;;;
;1.2.3;Cocoa and powdered chocolate;;;;0,10;3;280;9,9;;;;;;;
;1.2.4;Fruit and vegetable juices;;;;1,10;32;2.430;2,3;;;;;;;
;1.2.5;Mineral or spring waters;;;;0,40;11;1.060;4,3;;;;;;;
;1.2.6;Soft drinks (inc. fizzy and ready to drink fruit drinks);;;;2,40;70;2.740;2,3;;;;;;;
;;;;;;;;;;;;;;;;
;;;;;;;;;;;;;;;;
2;Alcoholic drink, tobacco & narcotics;;;;;10,80;316;2.590;2,9;;;;;;;
;;;;;;;;;;;;;;;;
2,1;Alcoholic drinks;;;;;8,20;241;2.350;2,9;;;;;;;
;2.1.1;Spirits and liqueurs (brought home);;;;1,90;55;740;4,3;;;;;;;
;;;;;;;;;;;;;;;;
;2.1.2;Wines, fortified wines (brought home);;;;4,20;122;1.530;4,1;;;;;;;
;;2.1.2.1;Wine from grape or other fruit (brought home);;;3,60;106;1.380;4,2;;;;;;;
;;2.1.2.2;Fortified wine (brought home);;;0,10;4;110;10,9;;;;;;;
;;2.1.2.3;Champagne and sparkling wines (brought home);;;0,40;13;280;13,9;;;;;;;
;;;;;;;;;;;;;;;;
;2.1.3;Beer, lager, ciders and perry (brought home);;;;2,10;63;1.330;5,4;;;;;;;
;;2.1.3.1;Beer and lager (brought home);;;1,80;52;1.130;5,5;;;;;;;
;;2.1.3.2;Ciders and perry (brought home);;;0,40;10;360;17,4;;;;;;;
;;;;;;;;;;;;;;;;
;2.1.4;Alcopops (brought home);;;;0.00~;1;50;18,0;;;;;;;
;;;;;;;;;;;;;;;;
2,2;Tobacco and narcotics;;;;;2,50;74;540;6,7;;;;;;;
;2.2.1;Cigarettes;;;;1,50;45;350;9,8;;;;;;;
;;;;;;;;;;;;;;;;
;2.2.2;Cigars, other tobacco products and narcotics;;;;1,00;29;300;7,1;;;;;;;
;;2.2.2.1;Cigars;;;[0.10];[2];10;24,9;;;;;;;
;;2.2.2.2;Other tobacco;;;0,90;27;280;7,2;;;;;;;
;;2.2.2.3;Narcotics;;;:;:;:;:;;;;;;;
;;;;;;;;;;;;;;;;
;;;;;;;;;;;;;;;;
3;Clothing & footwear;;;;;16,80;491;2.420;4,2;;;;;;;
;;;;;;;;;;;;;;;;
3,1;Clothing;;;;;13,90;406;2.270;4,5;;;;;;;
;3.1.1;Men's outer garments;;;;3,50;103;630;11,6;;;;;;;
;3.1.2;Men's under garments;;;;0,40;11;270;11,0;;;;;;;
;3.1.3;Women's outer garments;;;;6,10;179;1.220;5,1;;;;;;;
;3.1.4;Women's under garments;;;;1,00;29;600;5,4;;;;;;;
;3.1.5;Boys' outer garments (5-15);;;;0,70;20;220;6,2;;;;;;;
;3.1.6;Girls' outer garments (5-15);;;;0,70;21;250;11,8;;;;;;;
;3.1.7;Infants' outer garments (under 5);;;;0,30;10;150;14,5;;;;;;;
;3.1.8;Children's under garments (under 16);;;;0,30;9;250;8,6;;;;;;;
;;;;;;;;;;;;;;;;
Note: The commodity and service categories are not comparable with those in publications before 2001-02.;;;;;;;;;;;;;;;;
The numbering is sequential, it does not use actual COICOP codes.;;;;;;;;;;;;;;;;
Please see background notes for symbols and conventions used in this report.;;;;;;;;;;;;;;;;
;;;;;;;;;;;;;;;;
;;;;;;;;;;;;;;;;
;;;;;;;;;;;;;;;;
;;;;;;;;;;;;;;;;
;;;;;;;;;;;;;;;;
Table A1;;;;;;;;;;;;;;;;
Components of household expenditure (cont.) ;;;;;;;;;;;;;;;;
UK, financial year ending 2023;;;;;;;;;;;;;;;;
;;;;;;;;;;;;;;;;
;;;;;;;;;;;;;;;;
;;;;;;Average weekly;Total;Recording;Percentage;;;;;;;
;;;;;;expenditure;weekly;house-;standard ;;;;;;;
;;;;;;all house-;expenditure;holds;error (full;;;;;;;
;;;;;;holds (£);(£ million);in sample;method);;;;;;;
;;;;;;;;;;;;;;;;
;;;;;;;;;;;;;;;;
Commodity or service;;;;; ;;;;;;;;;;;
;;;;;;;;;;;;;;;;
3;Clothing & footwear (continued);;;;;;;;;;;;;;;
;;;;;;;;;;;;;;;;
;3.1.9;Accessories;;;;0,50;14;400;11,0;;;;;;;
;;3.1.9.1;Men's accessories;;;0,20;6;140;15,5;;;;;;;
;;3.1.9.2;Women's accessories;;;0,20;7;200;15,2;;;;;;;
;;3.1.9.3;Children's accessories;;;0,10;2;80;13,6;;;;;;;
;;3.1.9.4;Protective head gear (crash helmets);;;..;..;..;..;;;;;;;
;;;;;;;;;;;;;;;;
;3.1.10;Haberdashery, clothing materials and clothing hire;;;;0,20;6;160;14,0;;;;;;;
;;;;;;;;;;;;;;;;
;3.1.11;Dry cleaners, laundry and dyeing;;;;0,10;4;60;25,4;;;;;;;
;;3.1.11.1;Dry cleaners and dyeing;;;0,10;3;40;19,6;;;;;;;
;;3.1.11.2;Laundry, launderettes;;;[0.00];[1];10;117,3;;;;;;;
;;;;;;;;;;;;;;;;
3,2;Footwear;;;;;2,90;85;710;6,1;;;;;;;
;3.2.1;Footwear for men;;;;1,10;32;210;7,9;;;;;;;
;3.2.2;Footwear for women;;;;1,40;40;410;9,9;;;;;;;
;3.2.3;Footwear for children (5 to 15 years) and infants (under 5);;;;0,40;12;160;13,9;;;;;;;
;3.2.4;Repair and hire of footwear;;;;[0.00];[1];10;36,0;;;;;;;
;;;;;;;;;;;;;;;;
;;;;;;;;;;;;;;;;
4;Housing(net)¹, fuel & power;;;;;105,70;3.095;4.460;1,3;;;;;;;
;;;;;;;;;;;;;;;;
4,1;Actual rentals for housing;;;;;57,00;1.669;1.250;2,2;;;;;;;
;4.1.1;Gross rent;;;;56,90;1.666;1.240;2,2;;;;;;;
;4.1.2;less housing benefit, rebates and allowances received;;;;9,80;286;680;5,9;;;;;;;
;4.1.3;Net rent²;;;;47,10;1.379;1.110;2,6;;;;;;;
;4.1.4;Second dwelling - rent;;;;[0.10];[3];10;51,5;;;;;;;
;;;;;;;;;;;;;;;;
4,2;Maintenance and repair of dwelling;;;;;10,70;313;1.760;4,8;;;;;;;
;4.2.1;Central heating repairs;;;;1,30;39;950;7,5;;;;;;;
;4.2.2;House maintenance etc.;;;;7,30;213;830;5,3;;;;;;;
;4.2.3;Paint, wallpaper, timber;;;;1,30;39;290;12,1;;;;;;;
;4.2.4;Equipment hire, small materials;;;;0,70;21;270;25,1;;;;;;;
;;;;;;;;;;;;;;;;
4,3;Water supply and miscellaneous services relating to the dwelling;;;;;10,70;314;4.090;2,1;;;;;;;
;4.3.1;Water charges;;;;8,00;234;4.010;1,0;;;;;;;
;4.3.2;Other regular housing payments including service charge for rent;;;;2,70;78;530;6,8;;;;;;;
;4.3.3;Refuse collection, including skip hire;;;;0,10;2;30;131,5;;;;;;;
;;;;;;;;;;;;;;;;
4,4;Electricity, gas and other fuels;;;;;37,10;1.087;4.420;0,6;;;;;;;
;4.4.1;Electricity;;;;19,30;564;4.410;0,7;;;;;;;
;4.4.2;Gas;;;;15,70;459;3.610;0,9;;;;;;;
;;;;;;;;;;;;;;;;
;4.4.3;Other fuels;;;;2,20;63;420;5,6;;;;;;;
;;4.4.3.1;Coal and coke;;;0,20;5;80;18,8;;;;;;;
;;4.4.3.2;Oil for central heating;;;1,60;47;280;6,8;;;;;;;
;;4.4.3.3;Paraffin, wood, peat, hot water etc.;;;0,40;12;110;7,2;;;;;;;
;;;;;;;;;;;;;;;;
;;;;;;;;;;;;;;;;
5;Household goods & services ;;;;;35,50;1.040;4.140;3,1;;;;;;;
;;;;;;;;;;;;;;;;
5,1;Furniture and furnishings, carpets and other floor coverings;;;;;16,80;491;1.480;5,4;;;;;;;
;5.1.1;Furniture and furnishings;;;;13,60;398;1.250;5,9;;;;;;;
;;5.1.1.1;Furniture;;;12,10;356;790;6,2;;;;;;;
;;5.1.1.2;Fancy, decorative goods;;;0,90;25;540;21,4;;;;;;;
;;5.1.1.3;Garden furniture;;;0,60;17;50;13,5;;;;;;;
;;;;;;;;;;;;;;;;
;5.1.2;Floor coverings;;;;3,20;93;430;10,1;;;;;;;
;;5.1.2.1;Soft floor coverings;;;2,80;82;410;10,1;;;;;;;
;;5.1.2.2;Hard floor coverings;;;0,40;11;20;38,7;;;;;;;
;;;;;;;;;;;;;;;;
5,2;Household textiles;;;;;2,30;66;800;5,8;;;;;;;
;5.2.1;Bedroom textiles, including duvets and pillows;;;;0,80;24;310;7,1;;;;;;;
;5.2.2;Other household textiles, including cushions, towels, curtains;;;;1,40;42;800;7,7;;;;;;;
;;;;;;;;;;;;;;;;
;;;;;;;;;;;;;;;;
Note: The commodity and service categories are not comparable with those in publications before 2001-02.;;;;;;;;;;;;;;;;
The numbering is sequential, it does not use actual COICOP codes.;;;;;;;;;;;;;;;;
Please see background notes for symbols and conventions used in this report.;;;;;;;;;;;;;;;;
1 Excluding mortgage interest payments, council tax and NI rates. Mortgage interest payments can be found in category 13.;;;;;;;;;;;;;;;;
2 The figure included in total expenditure is net rent as opposed to gross rent.;;;;;;;;;;;;;;;;
;;;;;;;;;;;;;;;;
;;;;;;;;;;;;;;;;
;;;;;;;;;;;;;;;;
;;;;;;;;;;;;;;;;
Table A1;;;;;;;;;;;;;;;;
Components of household expenditure (cont.) ;;;;;;;;;;;;;;;;
UK, financial year ending 2023;;;;;;;;;;;;;;;;
;;;;;;;;;;;;;;;;
;;;;;;;;;;;;;;;;
;;;;;;Average weekly;Total;Recording;Percentage;;;;;;;
;;;;;;expenditure;weekly;house-;standard ;;;;;;;
;;;;;;all house-;expenditure;holds;error (full;;;;;;;
;;;;;;holds (£);(£ million);in sample;method);;;;;;;
;;;;;;;;;;;;;;;;
;;;;;;;;;;;;;;;;
Commodity or service;;;;; ;;;;;;;;;;;
;;;;;;;;;;;;;;;;
5;Household goods & services (continued) ;;;;;;;;;;;;;;;
;;;;;;;;;;;;;;;;
5,3;Household appliances;;;;;5,00;148;360;7,9;;;;;;;
;5.3.1;Gas cookers;;;;..;..;..;..;;;;;;;
;5.3.2;Electric cookers, combined gas/electric cookers;;;;0,70;22;20;3,3;;;;;;;
;5.3.3;Clothes washing machines and drying machines;;;;0,40;11;30;31,8;;;;;;;
;5.3.4;Refrigerators, freezers and fridge-freezers;;;;1,00;28;40;10,5;;;;;;;
;5.3.5;Other major electrical appliances, dishwashers, micro-waves;;;;;;;;;;;;;;
;;vacuum cleaners, heaters etc.;;;;1,70;48;130;21,2;;;;;;;
;5.3.6;Fire extinguisher, water softener, safes etc;;;;..;..;..;..;;;;;;;
;5.3.7;Small electric household appliances, excluding hairdryers;;;;0,80;23;120;11,3;;;;;;;
;5.3.8;Repairs to gas and electrical appliances and spare parts;;;;0,50;14;40;18,3;;;;;;;
;5.3.9;Rental/hire of major household appliances;;;;..;..;..;..;;;;;;;
;;;;;;;;;;;;;;;;
5,4;Glassware, tableware and household utensils;;;;;1,90;55;1.300;3,8;;;;;;;
;5.4.1;Glassware, china, pottery, cutlery and silverware;;;;0,50;15;490;6,7;;;;;;;
;5.4.2;Kitchen and domestic utensils;;;;0,70;22;760;5,9;;;;;;;
;5.4.3;Repair of glassware, tableware and household utensils;;;;..;..;..;..;;;;;;;
;5.4.4;Storage and other durable household articles;;;;0,60;19;410;6,0;;;;;;;
;;;;;;;;;;;;;;;;
5,5;Tools and equipment for house and garden;;;;;3,10;91;1.210;5,1;;;;;;;
;5.5.1;Electrical tools;;;;0,50;14;70;13,8;;;;;;;
;5.5.2;Garden tools, equipment and accessories e.g. lawn mowers etc.;;;;0,40;11;220;15,7;;;;;;;
;5.5.3;Small tools;;;;0,40;12;280;11,9;;;;;;;
;5.5.4;Door, electrical and other fittings;;;;0,90;26;300;9,7;;;;;;;
;5.5.5;Electrical consumables;;;;1,00;28;630;6,9;;;;;;;
;;;;;;;;;;;;;;;;
5,6;Goods and services for routine household maintenance;;;;;6,50;189;3.860;4,7;;;;;;;
;5.6.1;Cleaning materials;;;;2,50;73;2.910;4,0;;;;;;;
;;5.6.1.1;Detergents, washing-up liquid, washing powder;;;0,90;27;1.610;2,8;;;;;;;
;;5.6.1.2;Disinfectants, polishes, other cleaning materials etc.;;;1,60;46;2.460;6,0;;;;;;;
;;;;;;;;;;;;;;;;
;5.6.2;Household goods and hardware;;;;1,90;56;3.230;3,6;;;;;;;
;;5.6.2.1;Kitchen disposables;;;1,20;34;2.940;5,0;;;;;;;
;;5.6.2.2;Household hardware and appliances, matches;;;0,30;9;470;6,9;;;;;;;
;;5.6.2.3;Kitchen gloves, cloths etc.;;;0,20;4;590;5,1;;;;;;;
;;5.6.2.4;Pins, needles, tape measures, nails, nuts and bolts etc.;;;0,30;8;350;9,3;;;;;;;
;;;;;;;;;;;;;;;;
;5.6.3;Domestic services, carpet cleaning, hire/repair of furniture/furnishings;;;;2,10;60;460;13,3;;;;;;;
;;5.6.3.1;Domestic services, including cleaners, gardeners, au pairs;;;1,50;44;240;12,8;;;;;;;
;;5.6.3.2;Carpet cleaning, ironing service, window cleaner;;;0,50;15;260;9,7;;;;;;;
;;5.6.3.3;Hire/repair of household furniture and furnishings;;;..;..;..;..;;;;;;;
;;;;;;;;;;;;;;;;
;;;;;;;;;;;;;;;;
6;Health;;;;;8,90;261;2.470;5,7;;;;;;;
;;;;;;;;;;;;;;;;
6,1;Medical products, appliances and equipment;;;;;4,30;125;2.340;8,4;;;;;;;
;6.1.1;Medicines, prescriptions and healthcare products;;;;2,90;85;2.230;9,8;;;;;;;
;;6.1.1.1;NHS prescription charges and payments;;;0,30;7;180;7,4;;;;;;;
;;6.1.1.2;Medicines and medical goods (not NHS);;;1,90;56;2.040;4,0;;;;;;;
;;6.1.1.3;Other medical products (e.g. plasters, condoms, hot water bottle etc.);;;0,30;8;330;12,7;;;;;;;
;;6.1.1.4;Non-optical appliances and equipment (e.g. wheelchairs, batteries;;;;;;;;;;;;;
;;;for hearing aids, shoe build-up);;;0,50;14;50;56,6;;;;;;;
;;;;;;;;;;;;;;;;
;6.1.2;Spectacles, lenses, accessories and repairs;;;;1,40;40;300;15,8;;;;;;;
;;6.1.2.1;Purchase of spectacles, lenses, prescription sunglasses;;;1,30;39;260;16,3;;;;;;;
;;6.1.2.2;Accessories/repairs to spectacles/lenses;;;0.00~;1;40;17,3;;;;;;;
;;;;;;;;;;;;;;;;
6,2;Hospital services;;;;;4,60;136;420;7,6;;;;;;;
;6.2.1;Out patient services;;;;4,60;135;420;7,4;;;;;;;
;;6.2.1.1;NHS medical, optical, dental and medical auxiliary services;;;0,90;26;140;13,1;;;;;;;
;;6.2.1.2;Private medical, optical, dental and medical auxiliary services;;;3,70;108;280;8,6;;;;;;;
;;6.2.1.3;Other services;;;..;..;..;..;;;;;;;
;;;;;;;;;;;;;;;;
;6.2.2;In-patient hospital services;;;;..;..;..;..;;;;;;;
;;;;;;;;;;;;;;;;
;;;;;;;;;;;;;;;;
Note: The commodity and service categories are not comparable with those in publications before 2001-02.;;;;;;;;;;;;;;;;
The numbering is sequential, it does not use actual COICOP codes.;;;;;;;;;;;;;;;;
Please see background notes for symbols and conventions used in this report.;;;;;;;;;;;;;;;;
;;;;;;;;;;;;;;;;
;;;;;;;;;;;;;;;;
;;;;;;;;;;;;;;;;
;;;;;;;;;;;;;;;;
Table A1;;;;;;;;;;;;;;;;
Components of household expenditure (cont.) ;;;;;;;;;;;;;;;;
UK, financial year ending 2023;;;;;;;;;;;;;;;;
;;;;;;;;;;;;;;;;
;;;;;;;;;;;;;;;;
;;;;;;Average weekly;Total;Recording;Percentage;;;;;;;
;;;;;;expenditure;weekly;house-;standard ;;;;;;;
;;;;;;all house-;expenditure;holds;error (full;;;;;;;
;;;;;;holds (£);(£ million);in sample;method);;;;;;;
;;;;;;;;;;;;;;;;
;;;;;;;;;;;;;;;;
Commodity or service;;;;; ;;;;;;;;;;;
;;;;;;;;;;;;;;;;
7;Transport;;;;;79,20;2.321;3.960;2,5;;;;;;;
;;;;;;;;;;;;;;;;
7,1;Purchase of vehicles;;;;;28,00;819;960;5,9;;;;;;;
;7.1.1;Purchase of new cars and vans;;;;6,90;202;210;15,1;;;;;;;
;;7.1.1.1;Outright purchases;;;2,80;81;40;25,9;;;;;;;
;;7.1.1.2;Loan/Hire Purchase of new car/van;;;4,10;121;170;18,7;;;;;;;
;;;;;;;;;;;;;;;;
;7.1.2;Purchase of second hand cars or vans;;;;20,40;597;750;6,1;;;;;;;
;;7.1.2.1;Outright purchases;;;13,10;383;350;7,3;;;;;;;
;;7.1.2.2;Loan/Hire Purchase of second hand car/van;;;7,30;214;450;9,6;;;;;;;
;;;;;;;;;;;;;;;;
;7.1.3;Purchase of motorcycles;;;;0,70;20;40;26,8;;;;;;;
;;7.1.3.1;Outright purchases of new or second hand motorcycles;;;..;..;..;..;;;;;;;
;;7.1.3.2;Loan/Hire Purchase of new or second hand motorcycles;;;..;..;..;..;;;;;;;
;;7.1.3.3;Purchase of bicycles and other vehicles;;;0,50;15;30;32,7;;;;;;;
;;;;;;;;;;;;;;;;
7,2;Operation of personal transport;;;;;33,20;973;3.480;2,0;;;;;;;
;7.2.1;Spares and accessories;;;;2,00;60;270;17,6;;;;;;;
;;7.2.1.1;Car/van accessories and fittings;;;0,10;4;60;66,0;;;;;;;
;;7.2.1.2;Car/van spare parts;;;1,70;50;170;19,2;;;;;;;
;;7.2.1.3;Motorcycle accessories and spare parts;;;..;..;..;..;;;;;;;
;;7.2.1.4;Bicycle accessories, repairs and other costs;;;0,20;5;40;65,1;;;;;;;
;;;;;;;;;;;;;;;;
;7.2.2;Petrol, diesel and other motor oils;;;;21,10;617;2.610;1,8;;;;;;;
;;7.2.2.1;Petrol;;;12,90;379;1.830;2,2;;;;;;;
;;7.2.2.2;Diesel oil;;;8,00;235;1.040;3,3;;;;;;;
;;7.2.2.3;Other motor oils;;;0,10;3;40;17,8;;;;;;;
;;;;;;;;;;;;;;;;
;7.2.3;Repairs and servicing;;;;7,60;224;2.550;3,8;;;;;;;
;;7.2.3.1;Car or van repairs, servicing and other work;;;7,60;222;2.540;3,8;;;;;;;
;;7.2.3.2;Motorcycle repairs and servicing;;;0,10;2;30;13,9;;;;;;;
;;;;;;;;;;;;;;;;
;7.2.4;Other motoring costs;;;;2,50;72;1.420;5,7;;;;;;;
;;7.2.4.1;Motoring organisation subscription (e.g. AA and RAC);;;0,40;11;470;8,3;;;;;;;
;;7.2.4.2;Garage rent, other costs (excluding fines), car washing etc.;;;0,90;26;250;11,0;;;;;;;
;;7.2.4.3;Parking fees, tolls, and permits (excluding motoring fines);;;0,80;23;800;5,7;;;;;;;
;;7.2.4.4;Driving lessons;;;[0.20];[7];20;21,1;;;;;;;
;;7.2.4.5;Anti-freeze, battery water, cleaning materials;;;0,20;5;200;9,4;;;;;;;
;;;;;;;;;;;;;;;;
7,3;Transport services;;;;;18,10;529;2.010;3,0;;;;;;;
;7.3.1;Rail and tube fares;;;;2,90;86;560;4,6;;;;;;;
;;7.3.1.1;Season tickets;;;0,70;22;130;7,4;;;;;;;
;;7.3.1.2;Other than season tickets;;;2,20;64;470;5,5;;;;;;;
;;;;;;;;;;;;;;;;
;7.3.2;Bus and coach fares;;;;1,00;30;460;5,3;;;;;;;
;;7.3.2.1;Season tickets;;;0,40;11;100;8,9;;;;;;;
;;7.3.2.2;Other than season tickets;;;0,60;18;380;6,0;;;;;;;
;;;;;;;;;;;;;;;;
;7.3.3;Combined fares;;;;0,30;9;40;8,4;;;;;;;
;;7.3.3.1;Combined fares other than season tickets;;;0,20;6;30;5,8;;;;;;;
;;7.3.3.2;Combined fares season tickets;;;[0.10];[3];10;24,0;;;;;;;
;;;;;;;;;;;;;;;;
;7.3.4;Other travel and transport;;;;13,90;406;1.510;3,8;;;;;;;
;;7.3.4.1;Air fares (within UK);;;0,30;10;100;28,2;;;;;;;
;;7.3.4.2;Air fares (international);;;6,50;191;490;4,9;;;;;;;
;;7.3.4.3;School travel;;;..;..;..;..;;;;;;;
;;7.3.4.4;Taxis and hired cars with drivers;;;0,90;25;280;7,5;;;;;;;
;;7.3.4.5;Other personal travel and transport services;;;0,30;10;560;8,6;;;;;;;
;;7.3.4.6;Hire of self-drive cars, vans, bicycles;;;0,30;9;20;37,7;;;;;;;
;;7.3.4.7;Car leasing;;;5,30;154;350;6,3;;;;;;;
;;7.3.4.8;Water travel, ferries and season tickets;;;0,20;5;30;22,3;;;;;;;
;;;;;;;;;;;;;;;;
;;;;;;;;;;;;;;;;
Note: The commodity and service categories are not comparable with those in publications before 2001-02.;;;;;;;;;;;;;;;;
The numbering is sequential, it does not use actual COICOP codes.;;;;;;;;;;;;;;;;
Please see background notes for symbols and conventions used in this report.;;;;;;;;;;;;;;;;
;;;;;;;;;;;;;;;;
;;;;;;;;;;;;;;;;
;;;;;;;;;;;;;;;;
;;;;;;;;;;;;;;;;
Table A1;;;;;;;;;;;;;;;;
Components of household expenditure (cont.) ;;;;;;;;;;;;;;;;
UK, financial year ending 2023;;;;;;;;;;;;;;;;
;;;;;;;;;;;;;;;;
;;;;;;;;;;;;;;;;
;;;;;;Average weekly;Total;Recording;Percentage;;;;;;;
;;;;;;expenditure;weekly;house-;standard ;;;;;;;
;;;;;;all house-;expenditure;holds;error (full;;;;;;;
;;;;;;holds (£);(£ million);in sample;method);;;;;;;
;;;;;;;;;;;;;;;;
;;;;;;;;;;;;;;;;
Commodity or service;;;;; ;;;;;;;;;;;
;;;;;;;;;;;;;;;;
8;Communication3;;;;;20,30;596;4.390;1,3;;;;;;;
;;;;;;;;;;;;;;;;
8,1;Postal services;;;;;0,60;17;630;7,5;;;;;;;
;;;;;;;;;;;;;;;;
8,2;Telephone and telefax equipment;;;;;0,80;25;150;21,0;;;;;;;
;8.2.1;Telephone purchase;;;;[0.00];[1];20;48,6;;;;;;;
;8.2.2;Mobile phone purchase;;;;0,80;23;130;22,0;;;;;;;
;8.2.3;Answering machine, fax machine, modem purchase;;;;..;..;..;..;;;;;;;
;;;;;;;;;;;;;;;;
8,3;Telephone and telefax services;;;;;8,20;239;3.600;1,5;;;;;;;
;8.3.1;Telephone account (excluding combined payments)?;;;;0,30;10;240;8,5;;;;;;;
;8.3.2;Telephone coin and other payments;;;;..;..;..;..;;;;;;;
;8.3.3;Mobile phone account (excluding combined payments)?;;;;7,70;226;3.460;1,6;;;;;;;
;8.3.4;Mobile phone - other payments;;;;0,10;4;80;16,4;;;;;;;
;;;;;;;;;;;;;;;;
8,4;Internet subscription fees (ex. combined packages)?;;;;;1,40;42;830;2,7;;;;;;;
;;;;;;;;;;;;;;;;
8,5;Combined telecom services?;;;;;9,40;274;3.300;1,2;;;;;;;
;;;;;;;;;;;;;;;;
;;;;;;;;;;;;;;;;
9;Recreation & culture;;;;;65,40;1.914;4.390;2,6;;;;;;;
;;;;;;;;;;;;;;;;
9,1;Audio-visual, photographic and information processing equipment;;;;;2,70;80;540;21,9;;;;;;;
;9.1.1;Audio equipment and accessories, CD players;;;;0,70;20;200;14,4;;;;;;;
;;9.1.1.1;Audio equipment, CD players including in car;;;0,20;7;20;28,3;;;;;;;
;;9.1.1.2;Audio accessories e.g. tapes, headphones etc.;;;0,50;14;180;15,1;;;;;;;
;;;;;;;;;;;;;;;;
;9.1.2;TV, video and computers;;;;1,80;53;370;32,5;;;;;;;
;;9.1.2.1;Purchase of TV and digital decoder;;;0,40;11;40;52,6;;;;;;;
;;9.1.2.2;Satellite dish purchase and installation;;;..;..;..;..;;;;;;;
;;9.1.2.3;Cable TV connection;;;..;..;..;..;;;;;;;
;;9.1.2.4;Video recorder;;;:;:;:;:;;;;;;;
;;9.1.2.5;DVD player/recorder;;;..;..;..;..;;;;;;;
;;9.1.2.6;Blank, pre-recorded video cassettes, DVDs;;;0,10;2;60;21,1;;;;;;;
;;9.1.2.7;Personal computers, printers and calculators;;;1,20;36;240;46,0;;;;;;;
;;9.1.2.8;Spare parts for TV, video, audio;;;[0.00];[1];20;20,3;;;;;;;
;;9.1.2.9;Repair of audio-visual, photographic and information processing;;;0,10;2;20;37,8;;;;;;;
;;;;;;;;;;;;;;;;
;9.1.3;Photographic, cine and optical equipment;;;;0,20;6;30;13,3;;;;;;;
;;9.1.3.1;Photographic and cine equipment;;;[0.20];[5];20;16,0;;;;;;;
;;9.1.3.2;Camera films;;;..;..;..;..;;;;;;;
;;9.1.3.3;Optical instruments, binoculars, telescopes, microscopes;;;..;..;..;..;;;;;;;
;;;;;;;;;;;;;;;;
9,2;Other major durables for recreation and culture;;;;;2,70;78;100;35,3;;;;;;;
;9.2.1;Purchase of boats, trailers and horses;;;;..;..;..;..;;;;;;;
;9.2.2;Purchase of caravans, mobile homes (including decoration);;;;[0.50];[15];20;179,1;;;;;;;
;9.2.3;Accessories for boats, horses, caravans and motor caravans;;;;..;..;..;..;;;;;;;
;9.2.4;Musical instruments (purchase and hire);;;;[0.30];[8];10;22,0;;;;;;;
;9.2.5;Major durables for indoor recreation ;;;;..;..;..;..;;;;;;;
;9.2.6;Maintenance and repair of other major durables;;;;0,70;21;50;13,6;;;;;;;
;9.2.7;Purchase of motor caravan (new and second-hand) - outright purchase;;;;..;..;..;..;;;;;;;
;9.2.8;Purchase of motor caravan (new and second-hand) - loan/HP;;;;..;..;..;..;;;;;;;
;;;;;;;;;;;;;;;;
9,3;Other recreational items and equipment, gardens and pets;;;;;14,60;427;3.050;5,9;;;;;;;
;9.3.1;Games, toys and hobbies;;;;2,80;81;1.050;5,7;;;;;;;
;;;;;;;;;;;;;;;;
;9.3.2;Computer software and games;;;;1,00;29;240;12,1;;;;;;;
;;9.3.2.1;Computer software and game cartridges;;;0,80;22;220;8,1;;;;;;;
;;9.3.2.2;Computer games consoles;;;0,20;7;30;43,4;;;;;;;
;;;;;;;;;;;;;;;;
;9.3.3;Equipment for sport, camping and open-air recreation;;;;1,00;29;260;58,4;;;;;;;
;;;;;;;;;;;;;;;;
;9.3.4;Horticultural goods, garden equipment and plants etc.;;;;3,10;90;1.510;7,9;;;;;;;
;;9.3.4.1;BBQ and swings;;;0,10;3;40;70,0;;;;;;;
;;9.3.4.2;Plants, flowers, seeds, fertilisers, insecticides;;;2,80;82;1.430;7,8;;;;;;;
;;9.3.4.3;Garden decorative;;;0,10;4;80;40,0;;;;;;;
;;9.3.4.4;Artificial flowers, pot pourri;;;0.00~;1;50;19,9;;;;;;;
;;;;;;;;;;;;;;;;
;9.3.5;Pets and pet food;;;;6,80;198;1.780;5,7;;;;;;;
;;9.3.5.1;Pet food;;;2,80;83;1.620;3,5;;;;;;;
;;9.3.5.2;Pet purchase and accessories;;;1,40;40;620;14,3;;;;;;;
;;9.3.5.3;Veterinary and other services for pets identified separately;;;2,60;75;270;11,6;;;;;;;
;;;;;;;;;;;;;;;;
;;;;;;;;;;;;;;;;
Note: The commodity and service categories are not comparable with those in publications before 2001-02.;;;;;;;;;;;;;;;;
The numbering is sequential, it does not use actual COICOP codes.;;;;;;;;;;;;;;;;
Please see background notes for symbols and conventions used in this report.;;;;;;;;;;;;;;;;
3 Changes to the questionnaire in FYE 2019 has resulted in the COICOP division “Communication” not being directly comparable with previous years. ;;;;;;;;;;;;;;;;
  Please see the technical report for more information.;;;;;;;;;;;;;;;;
4 For FYE 2019 onwards, telephone payments made as part of a combined bill are excluded from this category and included in 8.5 instead.;;;;;;;;;;;;;;;;
5 For FYE 2019 onwards, mobile phone payments made as part of a combined bill are excluded from this category and included in 8.5 instead.;;;;;;;;;;;;;;;;
6 For FYE 2019 onwards, internet subscription fee payments made as part of a combined bill are excluded from this category and included in 8.5 instead.;;;;;;;;;;;;;;;;
7  For FYE 2019 onwards. This encompasses all telecoms bills that include more than one service. Due to the nature of combined packages, this also includes ;;;;;;;;;;;;;;;;
  packages that include television services. Television services reported as single bills are included in 9.4.3.;;;;;;;;;;;;;;;;
;;;;;;;;;;;;;;;;
;;;;;;;;;;;;;;;;
Table A1;;;;;;;;;;;;;;;;
Components of household expenditure (cont.) ;;;;;;;;;;;;;;;;
UK, financial year ending 2023;;;;;;;;;;;;;;;;
;;;;;;;;;;;;;;;;
;;;;;;;;;;;;;;;;
;;;;;;Average weekly;Total;Recording;Percentage;;;;;;;
;;;;;;expenditure;weekly;house-;standard ;;;;;;;
;;;;;;all house-;expenditure;holds;error (full;;;;;;;
;;;;;;holds (£);(£ million);in sample;method);;;;;;;
;;;;;;;;;;;;;;;;
;;;;;;;;;;;;;;;;
Commodity or service;;;;; ;;;;;;;;;;;
;;;;;;;;;;;;;;;;
9;Recreation & culture (continued);;;;;;;;;;;;;;;
;;;;;;;;;;;;;;;;
9,4;Recreational and cultural services;;;;;17,50;514;4.270;2,4;;;;;;;
;9.4.1;Sports admissions, subscriptions, leisure class fees and equipment hire;;;;5,90;172;1.440;5,3;;;;;;;
;;9.4.1.1;Spectator sports: admission charges;;;0,50;14;110;14,0;;;;;;;
;;9.4.1.2;Participant sports (excluding subscriptions);;;1,40;41;500;6,7;;;;;;;
;;9.4.1.3;Subscriptions to sports and social clubs;;;1,90;56;760;7,3;;;;;;;
;;9.4.1.4;Leisure class fees;;;2,00;57;440;11,5;;;;;;;
;;9.4.1.5;Hire of equipment for sport and open air recreation;;;0,10;3;20;14,9;;;;;;;
;;;;;;;;;;;;;;;;
;9.4.2;Cinema, theatre and museums etc.;;;;2,90;84;480;6,7;;;;;;;
;;9.4.2.1;Cinemas;;;0,40;11;170;6,4;;;;;;;
;;9.4.2.2;Live entertainment: theatre, concerts, shows;;;1,60;46;180;6,5;;;;;;;
;;9.4.2.3;Museums, zoological gardens, theme parks, houses and gardens;;;0,90;27;180;16,9;;;;;;;
;;;;;;;;;;;;;;;;
;9.4.3;TV, video, satellite rental, cable subscriptions and TV licences;;;;5,90;173;4.180;1,3;;;;;;;
;;9.4.3.1;TV licences;;;2,70;78;3.950;0,6;;;;;;;
;;9.4.3.2;Satellite subscriptions (excluding combined packages)?;;;1,20;34;480;4,9;;;;;;;
;;9.4.3.3;Rent for TV/Satellite/VCR (excluding combined packages)?;;;..;..;..;..;;;;;;;
;;9.4.3.4;Cable subscriptions (excluding combined packages)¹?;;;0,20;7;180;7,7;;;;;;;
;;9.4.3.5;TV slot meter payments;;;..;..;..;..;;;;;;;
;;9.4.3.6;Video, cassette and CD hire, including online entertainment packages;;;1,80;54;1.840;2,3;;;;;;;
;;;;;;;;;;;;;;;;
;9.4.4;Miscellaneous entertainments;;;;1,50;44;770;6,8;;;;;;;
;;9.4.4.1;Admissions to clubs, dances, discos, bingo;;;0,60;18;230;8,0;;;;;;;
;;9.4.4.2;Social events and gatherings;;;0,30;8;90;16,3;;;;;;;
;;9.4.4.3;Subscriptions for leisure activities and other subscriptions;;;0,60;18;530;13,3;;;;;;;
;;;;;;;;;;;;;;;;
;9.4.5;Development of film, deposit for film development, passport;;;;;;;;;;;;;;
;;photos, holiday and school photos;;;;0,20;5;80;52,6;;;;;;;
;;;;;;;;;;;;;;;;
;9.4.6;Gambling payments;;;;1,20;36;890;4,8;;;;;;;
;;9.4.6.1;Football pools stakes;;;..;..;..;..;;;;;;;
;;9.4.6.2;Bingo stakes excluding admission;;;0,10;2;30;22,3;;;;;;;
;;9.4.6.3;Lottery ;;;0,90;27;790;4,9;;;;;;;
;;9.4.6.4;Bookmaker, tote, other betting stakes;;;0,20;6;130;14,1;;;;;;;
;;;;;;;;;;;;;;;;
9,5;Newspapers, books and stationery;;;;;4,10;119;2.830;2,9;;;;;;;
;9.5.1;Books;;;;1,00;29;690;6,0;;;;;;;
;9.5.2;Stationery, diaries, address books, art materials;;;;0,80;25;910;6,1;;;;;;;
;9.5.3;Cards, calendars, posters and other printed matter;;;;1,00;30;1.530;4,2;;;;;;;
;9.5.4;Newspapers;;;;0,80;23;940;4,6;;;;;;;
;9.5.5;Magazines and periodicals;;;;0,40;12;770;7,4;;;;;;;
;;;;;;;;;;;;;;;;
9,6;Package holidays¹¹;;;;;23,80;697;750;3,2;;;;;;;
;9.6.1;Package holidays - UK;;;;2,20;64;170;8,0;;;;;;;
;9.6.2;Package holidays - abroad;;;;21,60;633;610;3,3;;;;;;;
;;;;;;;;;;;;;;;;
;;;;;;;;;;;;;;;;
10;Education;;;;;5,10;150;180;24,5;;;;;;;
;;;;;;;;;;;;;;;;
10,1;Education fees;;;;;4,70;137;150;26,3;;;;;;;
;10.1.1;Nursery and primary education;;;;..;..;..;..;;;;;;;
;10.1.2;Secondary education;;;;..;..;..;..;;;;;;;
;10.1.3;Sixth form college/college education;;;;..;..;..;..;;;;;;;
;10.1.4;University education;;;;..;..;..;..;;;;;;;
;10.1.5;Other education;;;;..;..;..;..;;;;;;;
;;;;;;;;;;;;;;;;
10,2;Payments for school trips, other ad-hoc expenditure;;;;;0,50;13;40;21,9;;;;;;;
;10.2.1;Nursery and primary education;;;;..;..;..;..;;;;;;;
;10.2.2;Secondary education;;;;..;..;..;..;;;;;;;
;10.2.3;Sixth form college/college education;;;;..;..;..;..;;;;;;;
;10.2.4;University education;;;;..;..;..;..;;;;;;;
;10.2.5;Other education;;;;..;..;..;..;;;;;;;
;;;;;;;;;;;;;;;;
;;;;;;;;;;;;;;;;
Note: The commodity and service categories are not comparable with those in publications before 2001-02.;;;;;;;;;;;;;;;;
The numbering is sequential, it does not use actual COICOP codes.;;;;;;;;;;;;;;;;
Please see background notes for symbols and conventions used in this report.;;;;;;;;;;;;;;;;
8 For FYE 2019 onwards, satellite payments made as part of a combined bill are excluded from this category and included in 8.5 instead.;;;;;;;;;;;;;;;;
9 For FYE 2019 onwards, rent for TV/satellite/VCR payments made as part of a combined bill are excluded from this category and included in 8.5 instead.;;;;;;;;;;;;;;;;
10 For FYE 2019 onwards, cable subscription payments made as part of a combined bill are excluded from this category and included in 8.5 instead.;;;;;;;;;;;;;;;;
11 Recording of expenditure on package holidays was changed from 2011.;;;;;;;;;;;;;;;;
;;;;;;;;;;;;;;;;
;;;;;;;;;;;;;;;;
;;;;;;;;;;;;;;;;
;;;;;;;;;;;;;;;;
Table A1;;;;;;;;;;;;;;;;
Components of household expenditure (cont.) ;;;;;;;;;;;;;;;;
UK, financial year ending 2023;;;;;;;;;;;;;;;;
;;;;;;;;;;;;;;;;
;;;;;;;;;;;;;;;;
;;;;;;Average weekly;Total;Recording;Percentage;;;;;;;
;;;;;;expenditure;weekly;house-;standard ;;;;;;;
;;;;;;all house-;expenditure;holds;error (full;;;;;;;
;;;;;;holds (£);(£ million);in sample;method);;;;;;;
;;;;;;;;;;;;;;;;
;;;;;;;;;;;;;;;;
Commodity or service;;;;; ;;;;;;;;;;;
;;;;;;;;;;;;;;;;
11;Restaurants & hotels;;;;;40,50;1.186;3.490;2,0;;;;;;;
;;;;;;;;;;;;;;;;
11,1;Catering services;;;;;27,80;814;3.320;2,2;;;;;;;
;11.1.1;Restaurant and café meals;;;;14,00;411;2.500;2,6;;;;;;;
;11.1.2;Alcoholic drinks (away from home);;;;5,60;164;1.330;3,7;;;;;;;
;11.1.3;Take away meals eaten at home;;;;4,00;118;1.220;3,4;;;;;;;
;;;;;;;;;;;;;;;;
;11.1.4;Other take-away and snack food;;;;3,10;90;1.720;3,1;;;;;;;
;;11.1.4.1;Hot and cold food;;;2,40;70;1.510;3,4;;;;;;;
;;11.1.4.2;Confectionery;;;0,10;4;380;6,0;;;;;;;
;;11.1.4.3;Ice cream;;;0,10;4;250;10,1;;;;;;;
;;11.1.4.4;Soft drinks;;;0,40;13;930;3,7;;;;;;;
;;;;;;;;;;;;;;;;
;11.1.5;Contract catering (food);;;;[0.30];[7];20;26,5;;;;;;;
;;;;;;;;;;;;;;;;
;11.1.6;Canteens;;;;0,80;23;340;7,6;;;;;;;
;;11.1.6.1;School meals;;;0,50;16;170;10,7;;;;;;;
;;11.1.6.2;Meals bought and eaten at the workplace;;;0,30;8;190;7,0;;;;;;;
;;;;;;;;;;;;;;;;
11,2;Accommodation services;;;;;12,70;372;1.310;3,1;;;;;;;
;11.2.1;Holiday in the UK;;;;7,50;221;1.080;4,4;;;;;;;
;11.2.2;Holiday abroad;;;;4,90;144;310;4,2;;;;;;;
;11.2.3;Room hire;;;;[0.30];[8];10;4,8;;;;;;;
;;;;;;;;;;;;;;;;
;;;;;;;;;;;;;;;;
12;Miscellaneous goods and services;;;;;40,30;1.180;4.370;2,0;;;;;;;
;;;;;;;;;;;;;;;;
12,1;Personal care;;;;;10,70;313;3.740;2,6;;;;;;;
;12.1.1;Hairdressing, beauty treatment;;;;3,20;94;750;5,8;;;;;;;
;12.1.2;Toilet paper;;;;0,90;28;1.590;2,7;;;;;;;
;;;;;;;;;;;;;;;;
;12.1.3;Toiletries and soap;;;;2,30;67;3.000;2,2;;;;;;;
;;12.1.3.1;Toiletries (disposable including tampons, lipsyl, toothpaste etc.);;;1,40;40;2.480;2,2;;;;;;;
;;12.1.3.2;Bar of soap, liquid soap, shower gel etc.;;;0,40;13;1.330;4,5;;;;;;;
;;12.1.3.3;Toilet requisites (durable including razors, hairbrushes, toothbrushes etc.);;;0,50;14;850;6,0;;;;;;;
;;;;;;;;;;;;;;;;
;12.1.4;Baby toiletries and accessories (disposable);;;;0,50;15;710;4,5;;;;;;;
;;;;;;;;;;;;;;;;
;12.1.5;Hair products, cosmetics and electrical appliances for personal care;;;;3,70;110;2.140;3,8;;;;;;;
;;12.1.5.1;Hair products;;;0,90;26;1.090;4,6;;;;;;;
;;12.1.5.2;Cosmetics and related accessories;;;2,70;78;1.630;4,2;;;;;;;
;;12.1.5.3;Electrical appliances for personal care, including hairdryers, shavers etc.;;;0,20;6;70;27,3;;;;;;;
;;;;;;;;;;;;;;;;
12,2;Personal effects ;;;;;2,60;76;790;24,6;;;;;;;
;12.2.1;Jewellery, clocks and watches and other personal effects;;;;1,60;47;530;35,9;;;;;;;
;12.2.2;Leather and travel goods (excluding baby items);;;;0,70;20;240;11,6;;;;;;;
;12.2.3;Sunglasses (non-prescription);;;;0,10;3;60;18,4;;;;;;;
;12.2.4;Baby equipment (excluding prams and pushchairs);;;;0,10;2;20;31,7;;;;;;;
;12.2.5;Prams, pram accessories and pushchairs;;;;..;..;..;..;;;;;;;
;12.2.6;Repairs to personal goods;;;;[0.10];[3];20;56,8;;;;;;;
;;;;;;;;;;;;;;;;
12,3;Social protection;;;;;2,40;70;120;15,6;;;;;;;
;12.3.1;Residential homes;;;;..;..;..;..;;;;;;;
;12.3.2;Home help;;;;[0.30];[9];20;86,3;;;;;;;
;12.3.3;Nursery, crèche, playschools;;;;1,00;30;50;14,5;;;;;;;
;12.3.4;Child care payments;;;;0,90;27;60;21,7;;;;;;;
;;;;;;;;;;;;;;;;
;;;;;;;;;;;;;;;;
Note: The commodity and service categories are not comparable with those in publications before 2001-02.;;;;;;;;;;;;;;;;
The numbering is sequential, it does not use actual COICOP codes.;;;;;;;;;;;;;;;;
Please see background notes for symbols and conventions used in this report.;;;;;;;;;;;;;;;;
;;;;;;;;;;;;;;;;
;;;;;;;;;;;;;;;;
;;;;;;;;;;;;;;;;
;;;;;;;;;;;;;;;;
Table A1;;;;;;;;;;;;;;;;
Components of household expenditure (cont.) ;;;;;;;;;;;;;;;;
UK, financial year ending 2023;;;;;;;;;;;;;;;;
;;;;;;;;;;;;;;;;
;;;;;;;;;;;;;;;;
;;;;;;Average weekly;Total;Recording;Percentage;;;;;;;
;;;;;;expenditure;weekly;house-;standard ;;;;;;;
;;;;;;all house-;expenditure;holds;error (full;;;;;;;
;;;;;;holds (£);(£ million);in sample;method);;;;;;;
;;;;;;;;;;;;;;;;
;;;;;;;;;;;;;;;;
Commodity or service;;;;; ;;;;;;;;;;;
;;;;;;;;;;;;;;;;
12;Miscellaneous goods and services (continued);;;;;;;;;;;;;;;
;;;;;;;;;;;;;;;;
12,4;Insurance;;;;;18,50;541;4.090;1,7;;;;;;;
;12.4.1;Household insurances;;;;5,30;154;3.570;2,2;;;;;;;
;;12.4.1.1;Structure insurance;;;2,60;75;2.980;2,5;;;;;;;
;;12.4.1.2;Contents insurance;;;2,30;69;3.390;2,6;;;;;;;
;;12.4.1.3;Insurance for household appliances¹²;;;0,40;10;370;2,8;;;;;;;
;;;;;;;;;;;;;;;;
;12.4.2;Medical insurance premiums¹³;;;;2,20;64;750;8,3;;;;;;;
;;;;;;;;;;;;;;;;
;12.4.3;Vehicle insurance including boat insurance;;;;10,30;301;3.580;1,8;;;;;;;
;;12.4.3.1;Vehicle insurance;;;10,30;301;3.580;1,8;;;;;;;
;;12.4.3.2;Boat insurance (not home);;;..;..;..;..;;;;;;;
;;;;;;;;;;;;;;;;
;12.4.4;Non-package holiday, other travel insurance¹?;;;;0,80;22;640;4,6;;;;;;;
;;;;;;;;;;;;;;;;
12,5;Other services;;;;;6,20;180;1.610;7,7;;;;;;;
;12.5.1;Moving house;;;;3,10;91;250;8,6;;;;;;;
;;12.5.1.1;Moving and storage of furniture;;;0,60;17;150;11,4;;;;;;;
;;12.5.1.2;Property transaction - purchase and sale;;;1,20;34;70;12,8;;;;;;;
;;12.5.1.3;Property transaction - sale only;;;0,50;15;30;22,3;;;;;;;
;;12.5.1.4;Property transaction - purchase only;;;0,60;18;50;10,8;;;;;;;
;;12.5.1.5;Property transaction - other payments;;;0,30;8;30;18,9;;;;;;;
;;;;;;;;;;;;;;;;
;12.5.2;Bank, building society, post office, credit card charges;;;;0,60;17;1.100;4,4;;;;;;;
;;12.5.2.1;Bank and building society charges;;;0,40;13;970;5,0;;;;;;;
;;12.5.2.2;Bank and Post Office counter charges;;;..;..;..;..;;;;;;;
;;12.5.2.3;Annual standing charge for credit cards;;;0,10;3;210;8,3;;;;;;;
;;12.5.2.4;Commission travellers' cheques and currency;;;..;..;..;..;;;;;;;
;;;;;;;;;;;;;;;;
;12.5.3;Other services and professional fees;;;;2,50;72;560;15,8;;;;;;;
;;12.5.3.1;Other professional fees including court fines;;;0,40;12;30;30,5;;;;;;;
;;12.5.3.2;Legal fees;;;0,60;17;20;33,3;;;;;;;
;;12.5.3.3;Funeral expenses;;;[0.60];[19];20;47,1;;;;;;;
;;12.5.3.4;TU and professional organisations;;;0,80;23;480;5,2;;;;;;;
;;12.5.3.5;Other payments for services e.g. photocopying;;;0.00~;1;40;81,0;;;;;;;
;;;;;;;;;;;;;;;;
;;;;;;;;;;;;;;;;
1-12;All expenditure groups;;;;;492,00;14.411;4.460;1,1;;;;;;;
;;;;;;;;;;;;;;;;
;;;;;;;;;;;;;;;;
13;Other expenditure items;;;;;75,70;2.219;4.310;3,1;;;;;;;
;;;;;;;;;;;;;;;;
13,1;Housing: mortgage interest payments, council tax etc.;;;;;53,30;1.561;4.130;1,7;;;;;;;
;13.1.1;Mortgage interest payments;;;;22,50;658;1.400;3,0;;;;;;;
;13.1.2;Mortgage protection premiums;;;;0,80;22;440;5,4;;;;;;;
;13.1.3;Council tax, domestic rates;;;;28,80;844;4.120;0,8;;;;;;;
;13.1.4;Council tax, mortgage (second dwelling);;;;1,30;37;30;28,6;;;;;;;
;;;;;;;;;;;;;;;;
13,2;Licences, fines and transfers;;;;;3,80;111;3.280;5,0;;;;;;;
;13.2.1;Stamp duty, licences and fines (excluding motoring fines);;;;0,30;10;60;51,3;;;;;;;
;13.2.2;Motoring fines;;;;[0.10];[3];10;25,8;;;;;;;
;13.2.3;Motor vehicle road taxation payments less refunds;;;;3,30;97;3.270;1,6;;;;;;;
;;;;;;;;;;;;;;;;
13,3;Holiday spending;;;;;5,40;157;130;4,3;;;;;;;
;13.3.1;Money spent abroad;;;;5,40;157;130;4,3;;;;;;;
;13.3.2;Duty free goods bought in UK;;;;:;:;:;:;;;;;;;
;;;;;;;;;;;;;;;;
;;;;;;;;;;;;;;;;
Note: The commodity and service categories are not comparable with those in publications before 2001-02.;;;;;;;;;;;;;;;;
The numbering is sequential, it does not use actual COICOP codes.;;;;;;;;;;;;;;;;
Please see background notes for symbols and conventions used in this report.;;;;;;;;;;;;;;;;
12 For FYE 2019 onwards, information about insurance for household appliances was collected in the questionnaire in addition to the diary. In previous years, ;;;;;;;;;;;;;;;;
  this was based on diary data only.;;;;;;;;;;;;;;;;
13 For FYE 2019 onwards, critical illness cover, personal accident insurance and other medical insurance are included here. In previous years, these were ;;;;;;;;;;;;;;;;
  included in other insurance.;;;;;;;;;;;;;;;;
14 For FYE 2019 onwards, information about insurance for non-package holiday and other travel insurance was collected in the questionnaire in addition to the ;;;;;;;;;;;;;;;;
  diary. In previous years, this was based on diary data only.;;;;;;;;;;;;;;;;
;;;;;;;;;;;;;;;;
;;;;;;;;;;;;;;;;
;;;;;;;;;;;;;;;;
;;;;;;;;;;;;;;;;
Table A1;;;;;;;;;;;;;;;;
Components of household expenditure (cont.) ;;;;;;;;;;;;;;;;
UK, financial year ending 2023;;;;;;;;;;;;;;;;
;;;;;;;;;;;;;;;;
;;;;;;;;;;;;;;;;
;;;;;;Average weekly;Total;Recording;Percentage;;;;;;;
;;;;;;expenditure;weekly;house-;standard ;;;;;;;
;;;;;;all house-;expenditure;holds;error (full;;;;;;;
;;;;;;holds (£);(£ million);in sample;method);;;;;;;
;;;;;;;;;;;;;;;;
;;;;;;;;;;;;;;;;
Commodity or service;;;;; ;;;;;;;;;;;
;;;;;;;;;;;;;;;;
13;Other expenditure items (continued);;;;;;;;;;;;;;;
;;;;;;;;;;;;;;;;
13,4;Money transfers and credit;;;;;13,30;389;1.960;15,8;;;;;;;
;13.4.1;Money, cash gifts given to children;;;;0,10;3;30;78,7;;;;;;;
;;13.4.1.1;Money given to children for specific purposes;;;0,10;3;30;67,7;;;;;;;
;;13.4.1.2;Cash gifts to children (no specific purpose);;;..;..;..;..;;;;;;;
;;;;;;;;;;;;;;;;
;13.4.2;Cash gifts and donations;;;;12,00;352;1.740;17,5;;;;;;;
;;13.4.2.1;Money/presents given to those outside the household;;;4,40;128;570;22,5;;;;;;;
;;13.4.2.2;Charitable donations and subscriptions;;;2,40;71;1.210;20,9;;;;;;;
;;13.4.2.3;Money sent abroad;;;2,70;80;190;63,8;;;;;;;
;;13.4.2.4;Maintenance allowance expenditure;;;2,50;73;130;10,9;;;;;;;
;;;;;;;;;;;;;;;;
;13.4.3;Club instalment payments (child) and interest on credit cards;;;;1,20;34;360;7,5;;;;;;;
;;13.4.3.1;Club instalment payment;;;:;:;:;:;;;;;;;
;;13.4.3.2;Interest on credit cards;;;1,20;34;360;7,5;;;;;;;
;;;;;;;;;;;;;;;;
;;;;;;;;;;;;;;;;
Total expenditure;;;;;;567,70;16.629;4.460;1,2;;;;;;;
;;;;;;;;;;;;;;;;
;;;;;;;;;;;;;;;;
14;Other items recorded;;;;;;;;;;;;;;;
;;;;;;;;;;;;;;;;
14,1;Life assurance, contributions to pension funds;;;;;38,10;1.117;2.780;2,2;;;;;;;
;14.1.1;Life assurance premiums;;;;3,30;96;1.330;4,8;;;;;;;
;14.1.2;Contributions to pension and superannuation funds etc.;;;;30,80;902;2.220;2,2;;;;;;;
;14.1.3;Personal pensions;;;;4,10;120;300;10,2;;;;;;;
;;;;;;;;;;;;;;;;
14,2;Other insurance including friendly societies;;;;;2,10;63;1.290;3,6;;;;;;;
;;;;;;;;;;;;;;;;
14,3;Income tax, payments less refunds;;;;;121,10;3.547;3.470;2,7;;;;;;;
;14.3.1;Income tax paid by employees under PAYE;;;;95,10;2.785;2.460;2,5;;;;;;;
;14.3.2;Income tax paid direct e.g. by retired or unoccupied persons;;;;3,80;111;160;36,2;;;;;;;
;14.3.3;Income tax paid direct by self-employed;;;;5,60;163;180;8,5;;;;;;;
;14.3.4;Income tax deducted at source from income under covenant from;;;;;;;;;;;;;;
;;investments or from annuities and pensions;;;;14,00;412;1.100;6,9;;;;;;;
;14.3.5;Income tax on bonus earnings;;;;3,80;112;540;9,6;;;;;;;
;14.3.6;Income tax refunds under PAYE;;;;0,20;6;20;28,6;;;;;;;
;14.3.7;Income tax refunds other than PAYE;;;;0,90;28;210;10,4;;;;;;;
;;;;;;;;;;;;;;;;
14,4;National insurance contribution;;;;;44,40;1.301;2.480;1,4;;;;;;;
;14.4.1;NI contributions paid by employees;;;;44,30;1.296;2.450;1,4;;;;;;;
;14.4.2;NI contributions paid by non-employees;;;;0,20;5;40;35,9;;;;;;;
;;;;;;;;;;;;;;;;
14,5;Purchase or alteration of dwellings (contracted out), mortgages;;;;;71,10;2.083;1.910;11,2;;;;;;;
;14.5.1;Outright purchase of houses, flats etc. including deposits;;;;..;..;..;..;;;;;;;
;14.5.2;Capital repayment of mortgage;;;;30,60;896;1.320;2,6;;;;;;;
;14.5.3;Central heating installation;;;;1,40;42;130;11,1;;;;;;;
;14.5.4;DIY improvements: Double glazing, kitchen units, sheds etc.;;;;0,90;27;50;48,9;;;;;;;
;14.5.5;Home improvements - contracted out;;;;27,80;815;760;7,3;;;;;;;
;14.5.6;Bathroom fittings;;;;0,50;16;70;24,7;;;;;;;
;14.5.7;Purchase of materials for Capital Improvements;;;;0,40;10;30;98,1;;;;;;;
;14.5.8;Purchase of second dwelling;;;;9,10;268;40;77,8;;;;;;;
;;;;;;;;;;;;;;;;
14,6;Savings and investments;;;;;4,40;128;390;9,0;;;;;;;
;14.6.1;Savings, investments (excluding AVCs);;;;3,60;105;300;10,1;;;;;;;
;14.6.2;Additional Voluntary Contributions;;;;0,70;21;60;16,7;;;;;;;
;14.6.3;Food stamps, other food related expenditure;;;;0,10;3;40;29,1;;;;;;;
;;;;;;;;;;;;;;;;
14,7;Pay off loan to clear other debt;;;;;2,60;75;180;8,0;;;;;;;
14,8;Windfall receipts from gambling etc.¹?;;;;;0,20;7;70;13,4;;;;;;;
;;;;;;;;;;;;;;;;
;;;;;;;;;;;;;;;;
Note: The commodity and service categories are not comparable with those in publications before 2001-02.;;;;;;;;;;;;;;;;
The numbering is sequential, it does not use actual COICOP codes.;;;;;;;;;;;;;;;;
Please see background notes for symbols and conventions used in this report.;;;;;;;;;;;;;;;;
15 Expressed as an income figure as opposed to an expenditure figure.;;;;;;;;;;;;;;;;
;;;;;;;;;;;;;;;;
Source: Office for National Statistics;;;;;;;;;;;;;;;;
;;;;;;;;;;;;;;;;
;;;;;;;;;;;;;;;;
;;;;;;;;;;;;;;;;
;;;;;;;;;;;;;;;;
;;;;;;;;;;;;;;;;
